{
    "$default": { "start": "//", "end": "//" },
    ".js":   { "start": "//", "end": "//" },
    ".jsx":  { "start": "//", "end": "//" },
    ".ts":   { "start": "//", "end": "//" },
    ".tsx":  { "start": "//", "end": "//" },
    ".css":  { "start": "/*", "end": "*/" },
    ".scss": { "start": "//", "end": "//" },
    ".sass": { "start": "//", "end": "//" },
    ".less": { "start": "//", "end": "//" },
    ".html": { "start": "<!--", "end": "-->" },
    ".htm":  { "start": "<!--", "end": "-->" },
    ".xml":  { "start": "<!--", "end": "-->" },
    ".json": { "start": null, "end": null },
    ".yaml": { "start": "#", "end": "#" },
    ".yml":  { "start": "#", "end": "#" },
    ".py":   { "start": "#", "end": "#" },
    ".rb":   { "start": "#", "end": "#" },
    ".sh":   { "start": "#", "end": "#" },
    ".java": { "start": "//", "end": "//" },
    ".cs":   { "start": "//", "end": "//" },
    ".php":  { "start": "//", "end": "//" },
    ".sql":  { "start": "--", "end": "--" },
    ".md":   { "start": "<!--", "end": "-->" },
    ".txt":  { "start": "###", "end": "###" }
}
